sourcePersonKey,employeeId,personalInfo,contactInfo,identification,metadata
PERSON-001,BNEI-001,"{""firstName"":""Arvin"",""lastName"":""Salud"",""middleName"":""Madeja"",""birthDate"":""1975-10-20""}","{""email"":""alice.tan@example.com"",""phone"":""09170000001""}","{""tin"":""908718301"",""sss"":""10-0000001-1""}","{""source"":""sample-pack""}"
PERSON-002,BNEI-002,"{""firstName"":""Augusto"",""lastName"":""Libuit"",""middleName"":""Llanes"",""birthDate"":""1979-08-02""}","{""email"":""ben.reyes@example.com"",""phone"":""09170000002""}","{""tin"":""230407406"",""sss"":""10-0000002-2""}","{""source"":""sample-pack""}"
PERSON-003,BNEI-003,"{""firstName"":""Ivy Sheena"",""lastName"":""Llarena"",""middleName"":""Torres"",""birthDate"":""1989-04-02""}","{""email"":""cara.delacruz@example.com"",""phone"":""09170000003""}","{""tin"":""405577397"",""sss"":""10-0000003-3""}","{""source"":""sample-pack""}"
PERSON-004,00050,"{""firstName"":""Lesley"",""lastName"":""Almero"",""middleName"":""Masarap"",""birthDate"":""1991-03-04""}","{""email"":""lesley.almero@example.com"",""phone"":""09170000050""}","{""tin"":""312720111""}","{""source"":""sample-pack""}"
PERSON-005,00062,"{""firstName"":""Danica"",""lastName"":""Ebreo"",""middleName"":""Pabelonia"",""birthDate"":""1991-11-17""}","{""email"":""danica.ebreo@example.com"",""phone"":""09170000062""}","{""tin"":""440464421""}","{""source"":""sample-pack""}"
PERSON-006,00065,"{""firstName"":""Ma. Angelina"",""lastName"":""Belen"",""middleName"":""Lejero"",""birthDate"":""1990-11-20""}","{""email"":""angelina.belen@example.com"",""phone"":""09170000065""}","{""tin"":""272772906""}","{""source"":""sample-pack""}"
PERSON-007,00073,"{""firstName"":""Marilou"",""lastName"":""Andal"",""middleName"":""Sarmiento"",""birthDate"":""1982-02-26""}","{""email"":""marilou.andal@example.com"",""phone"":""09170000073""}","{""tin"":""234742003""}","{""source"":""sample-pack""}"
PERSON-008,00083,"{""firstName"":""Maria Sarah Jane"",""lastName"":""Redondo"",""middleName"":""Liwanag"",""birthDate"":""1989-08-23""}","{""email"":""sarahjane.redondo@example.com"",""phone"":""09170000083""}","{""tin"":""261704340""}","{""source"":""sample-pack""}"
PERSON-009,00088,"{""firstName"":""Melroshelle"",""lastName"":""Domingo"",""middleName"":""Araracap"",""birthDate"":""1987-05-16""}","{""email"":""melroshelle.domingo@example.com"",""phone"":""09170000088""}","{""tin"":""274968784""}","{""source"":""sample-pack""}"
PERSON-010,00104,"{""firstName"":""Maria Cristina"",""lastName"":""Atienza"",""middleName"":""Hidalgo"",""birthDate"":""1976-12-25""}","{""email"":""maria.atienza@example.com"",""phone"":""09170000104""}","{""tin"":""167473108""}","{""source"":""sample-pack""}"
PERSON-011,01364,"{""firstName"":""Dianne"",""lastName"":""Garcia"",""middleName"":""Dimaano"",""birthDate"":""1997-02-19""}","{""email"":""dianne.garcia@example.com"",""phone"":""09170001364""}","{""tin"":""712-704-563""}","{""source"":""sample-pack""}"
PERSON-012,01414,"{""firstName"":""Jennelene"",""lastName"":""Santos"",""middleName"":""Masarap"",""birthDate"":""1994-08-11""}","{""email"":""jennelene.santos@example.com"",""phone"":""09170001414""}","{""tin"":""340-403-289""}","{""source"":""sample-pack""}"
PERSON-013,01623,"{""firstName"":""Diovelyn"",""lastName"":""Macaraig"",""birthDate"":""1997-03-07""}","{""email"":""diovelyn.macaraig@example.com"",""phone"":""09170001623""}","{""tin"":""342-429-550""}","{""source"":""sample-pack""}"
PERSON-014,20013,"{""firstName"":""Marco"",""lastName"":""Delos Reyes"",""middleName"":""Garcia"",""birthDate"":""1994-02-12""}","{""email"":""marco.delos-reyes.14@example.com"",""phone"":""09175000013""}","{""tin"":""813-413-113"",""sss"":""10-2000013-5""}","{""source"":""sample-pack""}"
PERSON-015,20014,"{""firstName"":""Elena"",""lastName"":""Manalo"",""middleName"":""Lopez"",""birthDate"":""1995-03-17""}","{""email"":""elena.manalo.15@example.com"",""phone"":""09175000014""}","{""tin"":""814-414-114"",""sss"":""10-2000014-6""}","{""source"":""sample-pack""}"
PERSON-016,20015,"{""firstName"":""Hannah"",""lastName"":""De Leon"",""middleName"":""Torres"",""birthDate"":""1996-04-22""}","{""email"":""hannah.de-leon.16@example.com"",""phone"":""09175000015""}","{""tin"":""815-415-115"",""sss"":""10-2000015-7""}","{""source"":""sample-pack""}"
PERSON-017,20016,"{""firstName"":""Gabriel"",""lastName"":""Padilla"",""middleName"":""Flores"",""birthDate"":""1997-05-27""}","{""email"":""gabriel.padilla.17@example.com"",""phone"":""09175000016""}","{""tin"":""816-416-116"",""sss"":""10-2000016-8""}","{""source"":""sample-pack""}"
PERSON-018,20017,"{""firstName"":""Carla"",""lastName"":""Villareal"",""middleName"":""Ramos"",""birthDate"":""1998-06-05""}","{""email"":""carla.villareal.18@example.com"",""phone"":""09175000017""}","{""tin"":""817-417-117"",""sss"":""10-2000017-9""}","{""source"":""sample-pack""}"
PERSON-019,20018,"{""firstName"":""Rafael"",""lastName"":""Samonte"",""middleName"":""Diaz"",""birthDate"":""1981-07-10""}","{""email"":""rafael.samonte.19@example.com"",""phone"":""09175000018""}","{""tin"":""818-418-118"",""sss"":""10-2000018-1""}","{""source"":""sample-pack""}"
PERSON-020,20019,"{""firstName"":""Bianca"",""lastName"":""Yambao"",""middleName"":""Mendoza"",""birthDate"":""1982-08-15""}","{""email"":""bianca.yambao.20@example.com"",""phone"":""09175000019""}","{""tin"":""819-419-119"",""sss"":""10-2000019-2""}","{""source"":""sample-pack""}"
PERSON-021,20020,"{""firstName"":""Liam"",""lastName"":""Navarro"",""middleName"":""Santos"",""birthDate"":""1983-09-20""}","{""email"":""liam.navarro.21@example.com"",""phone"":""09175000020""}","{""tin"":""820-420-120"",""sss"":""10-2000020-3""}","{""source"":""sample-pack""}"
PERSON-022,20021,"{""firstName"":""Noah"",""lastName"":""Morales"",""middleName"":""Reyes"",""birthDate"":""1984-10-25""}","{""email"":""noah.morales.22@example.com"",""phone"":""09175000021""}","{""tin"":""821-421-121"",""sss"":""10-2000021-4""}","{""source"":""sample-pack""}"
PERSON-023,20022,"{""firstName"":""Ethan"",""lastName"":""Villanueva"",""middleName"":""Cruz"",""birthDate"":""1985-11-03""}","{""email"":""ethan.villanueva.23@example.com"",""phone"":""09175000022""}","{""tin"":""822-422-122"",""sss"":""10-2000022-5""}","{""source"":""sample-pack""}"
PERSON-024,20023,"{""firstName"":""Lucas"",""lastName"":""Pascual"",""middleName"":""Garcia"",""birthDate"":""1986-12-08""}","{""email"":""lucas.pascual.24@example.com"",""phone"":""09175000023""}","{""tin"":""823-423-123"",""sss"":""10-2000023-6""}","{""source"":""sample-pack""}"
PERSON-025,20024,"{""firstName"":""Aiden"",""lastName"":""Valdez"",""middleName"":""Lopez"",""birthDate"":""1987-01-13""}","{""email"":""aiden.valdez.25@example.com"",""phone"":""09175000024""}","{""tin"":""824-424-124"",""sss"":""10-2000024-7""}","{""source"":""sample-pack""}"
PERSON-026,20025,"{""firstName"":""Mia"",""lastName"":""Soriano"",""middleName"":""Torres"",""birthDate"":""1988-02-18""}","{""email"":""mia.soriano.26@example.com"",""phone"":""09175000025""}","{""tin"":""825-425-125"",""sss"":""10-2000025-8""}","{""source"":""sample-pack""}"
PERSON-027,20026,"{""firstName"":""Emma"",""lastName"":""Dominguez"",""middleName"":""Flores"",""birthDate"":""1989-03-23""}","{""email"":""emma.dominguez.27@example.com"",""phone"":""09175000026""}","{""tin"":""826-426-126"",""sss"":""10-2000026-9""}","{""source"":""sample-pack""}"
PERSON-028,20027,"{""firstName"":""Sophia"",""lastName"":""Mercado"",""middleName"":""Ramos"",""birthDate"":""1990-04-01""}","{""email"":""sophia.mercado.28@example.com"",""phone"":""09175000027""}","{""tin"":""827-427-127"",""sss"":""10-2000027-1""}","{""source"":""sample-pack""}"
PERSON-029,20028,"{""firstName"":""Olivia"",""lastName"":""Castillo"",""middleName"":""Diaz"",""birthDate"":""1991-05-06""}","{""email"":""olivia.castillo.29@example.com"",""phone"":""09175000028""}","{""tin"":""828-428-128"",""sss"":""10-2000028-2""}","{""source"":""sample-pack""}"
PERSON-030,20029,"{""firstName"":""Ava"",""lastName"":""Aquino"",""middleName"":""Mendoza"",""birthDate"":""1992-06-11""}","{""email"":""ava.aquino.30@example.com"",""phone"":""09175000029""}","{""tin"":""829-429-129"",""sss"":""10-2000029-3""}","{""source"":""sample-pack""}"
PERSON-031,20030,"{""firstName"":""Isla"",""lastName"":""Cabrera"",""middleName"":""Santos"",""birthDate"":""1993-07-16""}","{""email"":""isla.cabrera.31@example.com"",""phone"":""09175000030""}","{""tin"":""830-430-130"",""sss"":""10-2000030-4""}","{""source"":""sample-pack""}"
PERSON-032,20031,"{""firstName"":""Leah"",""lastName"":""Fuentes"",""middleName"":""Reyes"",""birthDate"":""1994-08-21""}","{""email"":""leah.fuentes.32@example.com"",""phone"":""09175000031""}","{""tin"":""831-431-131"",""sss"":""10-2000031-5""}","{""source"":""sample-pack""}"
PERSON-033,20032,"{""firstName"":""Nico"",""lastName"":""Rosales"",""middleName"":""Cruz"",""birthDate"":""1995-09-26""}","{""email"":""nico.rosales.33@example.com"",""phone"":""09175000032""}","{""tin"":""832-432-132"",""sss"":""10-2000032-6""}","{""source"":""sample-pack""}"
PERSON-034,20033,"{""firstName"":""Marco"",""lastName"":""Delos Reyes"",""middleName"":""Garcia"",""birthDate"":""1996-10-04""}","{""email"":""marco.delos-reyes.34@example.com"",""phone"":""09175000033""}","{""tin"":""833-433-133"",""sss"":""10-2000033-7""}","{""source"":""sample-pack""}"
PERSON-035,20034,"{""firstName"":""Elena"",""lastName"":""Manalo"",""middleName"":""Lopez"",""birthDate"":""1997-11-09""}","{""email"":""elena.manalo.35@example.com"",""phone"":""09175000034""}","{""tin"":""834-434-134"",""sss"":""10-2000034-8""}","{""source"":""sample-pack""}"
PERSON-036,20035,"{""firstName"":""Hannah"",""lastName"":""De Leon"",""middleName"":""Torres"",""birthDate"":""1998-12-14""}","{""email"":""hannah.de-leon.36@example.com"",""phone"":""09175000035""}","{""tin"":""835-435-135"",""sss"":""10-2000035-9""}","{""source"":""sample-pack""}"
PERSON-037,20036,"{""firstName"":""Gabriel"",""lastName"":""Padilla"",""middleName"":""Flores"",""birthDate"":""1981-01-19""}","{""email"":""gabriel.padilla.37@example.com"",""phone"":""09175000036""}","{""tin"":""836-436-136"",""sss"":""10-2000036-1""}","{""source"":""sample-pack""}"
PERSON-038,20037,"{""firstName"":""Carla"",""lastName"":""Villareal"",""middleName"":""Ramos"",""birthDate"":""1982-02-24""}","{""email"":""carla.villareal.38@example.com"",""phone"":""09175000037""}","{""tin"":""837-437-137"",""sss"":""10-2000037-2""}","{""source"":""sample-pack""}"
PERSON-039,20038,"{""firstName"":""Rafael"",""lastName"":""Samonte"",""middleName"":""Diaz"",""birthDate"":""1983-03-02""}","{""email"":""rafael.samonte.39@example.com"",""phone"":""09175000038""}","{""tin"":""838-438-138"",""sss"":""10-2000038-3""}","{""source"":""sample-pack""}"
PERSON-040,20039,"{""firstName"":""Bianca"",""lastName"":""Yambao"",""middleName"":""Mendoza"",""birthDate"":""1984-04-07""}","{""email"":""bianca.yambao.40@example.com"",""phone"":""09175000039""}","{""tin"":""839-439-139"",""sss"":""10-2000039-4""}","{""source"":""sample-pack""}"
PERSON-041,20040,"{""firstName"":""Liam"",""lastName"":""Navarro"",""middleName"":""Santos"",""birthDate"":""1985-05-12""}","{""email"":""liam.navarro.41@example.com"",""phone"":""09175000040""}","{""tin"":""840-440-140"",""sss"":""10-2000040-5""}","{""source"":""sample-pack""}"
PERSON-042,20041,"{""firstName"":""Noah"",""lastName"":""Morales"",""middleName"":""Reyes"",""birthDate"":""1986-06-17""}","{""email"":""noah.morales.42@example.com"",""phone"":""09175000041""}","{""tin"":""841-441-141"",""sss"":""10-2000041-6""}","{""source"":""sample-pack""}"
PERSON-043,20042,"{""firstName"":""Ethan"",""lastName"":""Villanueva"",""middleName"":""Cruz"",""birthDate"":""1987-07-22""}","{""email"":""ethan.villanueva.43@example.com"",""phone"":""09175000042""}","{""tin"":""842-442-142"",""sss"":""10-2000042-7""}","{""source"":""sample-pack""}"
PERSON-044,20043,"{""firstName"":""Lucas"",""lastName"":""Pascual"",""middleName"":""Garcia"",""birthDate"":""1988-08-27""}","{""email"":""lucas.pascual.44@example.com"",""phone"":""09175000043""}","{""tin"":""843-443-143"",""sss"":""10-2000043-8""}","{""source"":""sample-pack""}"
PERSON-045,20044,"{""firstName"":""Aiden"",""lastName"":""Valdez"",""middleName"":""Lopez"",""birthDate"":""1989-09-05""}","{""email"":""aiden.valdez.45@example.com"",""phone"":""09175000044""}","{""tin"":""844-444-144"",""sss"":""10-2000044-9""}","{""source"":""sample-pack""}"
PERSON-046,20045,"{""firstName"":""Mia"",""lastName"":""Soriano"",""middleName"":""Torres"",""birthDate"":""1990-10-10""}","{""email"":""mia.soriano.46@example.com"",""phone"":""09175000045""}","{""tin"":""845-445-145"",""sss"":""10-2000045-1""}","{""source"":""sample-pack""}"
PERSON-047,20046,"{""firstName"":""Emma"",""lastName"":""Dominguez"",""middleName"":""Flores"",""birthDate"":""1991-11-15""}","{""email"":""emma.dominguez.47@example.com"",""phone"":""09175000046""}","{""tin"":""846-446-146"",""sss"":""10-2000046-2""}","{""source"":""sample-pack""}"
PERSON-048,20047,"{""firstName"":""Sophia"",""lastName"":""Mercado"",""middleName"":""Ramos"",""birthDate"":""1992-12-20""}","{""email"":""sophia.mercado.48@example.com"",""phone"":""09175000047""}","{""tin"":""847-447-147"",""sss"":""10-2000047-3""}","{""source"":""sample-pack""}"
PERSON-049,20048,"{""firstName"":""Olivia"",""lastName"":""Castillo"",""middleName"":""Diaz"",""birthDate"":""1993-01-25""}","{""email"":""olivia.castillo.49@example.com"",""phone"":""09175000048""}","{""tin"":""848-448-148"",""sss"":""10-2000048-4""}","{""source"":""sample-pack""}"
PERSON-050,20049,"{""firstName"":""Ava"",""lastName"":""Aquino"",""middleName"":""Mendoza"",""birthDate"":""1994-02-03""}","{""email"":""ava.aquino.50@example.com"",""phone"":""09175000049""}","{""tin"":""849-449-149"",""sss"":""10-2000049-5""}","{""source"":""sample-pack""}"
PERSON-051,20050,"{""firstName"":""Isla"",""lastName"":""Cabrera"",""middleName"":""Santos"",""birthDate"":""1995-03-08""}","{""email"":""isla.cabrera.51@example.com"",""phone"":""09175000050""}","{""tin"":""850-450-150"",""sss"":""10-2000050-6""}","{""source"":""sample-pack""}"
PERSON-052,20051,"{""firstName"":""Leah"",""lastName"":""Fuentes"",""middleName"":""Reyes"",""birthDate"":""1996-04-13""}","{""email"":""leah.fuentes.52@example.com"",""phone"":""09175000051""}","{""tin"":""851-451-151"",""sss"":""10-2000051-7""}","{""source"":""sample-pack""}"
PERSON-053,20052,"{""firstName"":""Nico"",""lastName"":""Rosales"",""middleName"":""Cruz"",""birthDate"":""1997-05-18""}","{""email"":""nico.rosales.53@example.com"",""phone"":""09175000052""}","{""tin"":""852-452-152"",""sss"":""10-2000052-8""}","{""source"":""sample-pack""}"
PERSON-054,20053,"{""firstName"":""Marco"",""lastName"":""Delos Reyes"",""middleName"":""Garcia"",""birthDate"":""1998-06-23""}","{""email"":""marco.delos-reyes.54@example.com"",""phone"":""09175000053""}","{""tin"":""853-453-153"",""sss"":""10-2000053-9""}","{""source"":""sample-pack""}"
PERSON-055,20054,"{""firstName"":""Elena"",""lastName"":""Manalo"",""middleName"":""Lopez"",""birthDate"":""1981-07-01""}","{""email"":""elena.manalo.55@example.com"",""phone"":""09175000054""}","{""tin"":""854-454-154"",""sss"":""10-2000054-1""}","{""source"":""sample-pack""}"
PERSON-056,20055,"{""firstName"":""Hannah"",""lastName"":""De Leon"",""middleName"":""Torres"",""birthDate"":""1982-08-06""}","{""email"":""hannah.de-leon.56@example.com"",""phone"":""09175000055""}","{""tin"":""855-455-155"",""sss"":""10-2000055-2""}","{""source"":""sample-pack""}"
PERSON-057,20056,"{""firstName"":""Gabriel"",""lastName"":""Padilla"",""middleName"":""Flores"",""birthDate"":""1983-09-11""}","{""email"":""gabriel.padilla.57@example.com"",""phone"":""09175000056""}","{""tin"":""856-456-156"",""sss"":""10-2000056-3""}","{""source"":""sample-pack""}"
PERSON-058,20057,"{""firstName"":""Carla"",""lastName"":""Villareal"",""middleName"":""Ramos"",""birthDate"":""1984-10-16""}","{""email"":""carla.villareal.58@example.com"",""phone"":""09175000057""}","{""tin"":""857-457-157"",""sss"":""10-2000057-4""}","{""source"":""sample-pack""}"
PERSON-059,20058,"{""firstName"":""Rafael"",""lastName"":""Samonte"",""middleName"":""Diaz"",""birthDate"":""1985-11-21""}","{""email"":""rafael.samonte.59@example.com"",""phone"":""09175000058""}","{""tin"":""858-458-158"",""sss"":""10-2000058-5""}","{""source"":""sample-pack""}"
PERSON-060,20059,"{""firstName"":""Bianca"",""lastName"":""Yambao"",""middleName"":""Mendoza"",""birthDate"":""1986-12-26""}","{""email"":""bianca.yambao.60@example.com"",""phone"":""09175000059""}","{""tin"":""859-459-159"",""sss"":""10-2000059-6""}","{""source"":""sample-pack""}"
PERSON-061,20060,"{""firstName"":""Liam"",""lastName"":""Navarro"",""middleName"":""Santos"",""birthDate"":""1987-01-04""}","{""email"":""liam.navarro.61@example.com"",""phone"":""09175000060""}","{""tin"":""860-460-160"",""sss"":""10-2000060-7""}","{""source"":""sample-pack""}"
PERSON-062,20061,"{""firstName"":""Noah"",""lastName"":""Morales"",""middleName"":""Reyes"",""birthDate"":""1988-02-09""}","{""email"":""noah.morales.62@example.com"",""phone"":""09175000061""}","{""tin"":""861-461-161"",""sss"":""10-2000061-8""}","{""source"":""sample-pack""}"
PERSON-063,20062,"{""firstName"":""Ethan"",""lastName"":""Villanueva"",""middleName"":""Cruz"",""birthDate"":""1989-03-14""}","{""email"":""ethan.villanueva.63@example.com"",""phone"":""09175000062""}","{""tin"":""862-462-162"",""sss"":""10-2000062-9""}","{""source"":""sample-pack""}"
PERSON-064,20063,"{""firstName"":""Lucas"",""lastName"":""Pascual"",""middleName"":""Garcia"",""birthDate"":""1990-04-19""}","{""email"":""lucas.pascual.64@example.com"",""phone"":""09175000063""}","{""tin"":""863-463-163"",""sss"":""10-2000063-1""}","{""source"":""sample-pack""}"
PERSON-065,20064,"{""firstName"":""Aiden"",""lastName"":""Valdez"",""middleName"":""Lopez"",""birthDate"":""1991-05-24""}","{""email"":""aiden.valdez.65@example.com"",""phone"":""09175000064""}","{""tin"":""864-464-164"",""sss"":""10-2000064-2""}","{""source"":""sample-pack""}"
PERSON-066,20065,"{""firstName"":""Mia"",""lastName"":""Soriano"",""middleName"":""Torres"",""birthDate"":""1992-06-02""}","{""email"":""mia.soriano.66@example.com"",""phone"":""09175000065""}","{""tin"":""865-465-165"",""sss"":""10-2000065-3""}","{""source"":""sample-pack""}"
PERSON-067,20066,"{""firstName"":""Emma"",""lastName"":""Dominguez"",""middleName"":""Flores"",""birthDate"":""1993-07-07""}","{""email"":""emma.dominguez.67@example.com"",""phone"":""09175000066""}","{""tin"":""866-466-166"",""sss"":""10-2000066-4""}","{""source"":""sample-pack""}"
PERSON-068,20067,"{""firstName"":""Sophia"",""lastName"":""Mercado"",""middleName"":""Ramos"",""birthDate"":""1994-08-12""}","{""email"":""sophia.mercado.68@example.com"",""phone"":""09175000067""}","{""tin"":""867-467-167"",""sss"":""10-2000067-5""}","{""source"":""sample-pack""}"
PERSON-069,20068,"{""firstName"":""Olivia"",""lastName"":""Castillo"",""middleName"":""Diaz"",""birthDate"":""1995-09-17""}","{""email"":""olivia.castillo.69@example.com"",""phone"":""09175000068""}","{""tin"":""868-468-168"",""sss"":""10-2000068-6""}","{""source"":""sample-pack""}"
PERSON-070,20069,"{""firstName"":""Ava"",""lastName"":""Aquino"",""middleName"":""Mendoza"",""birthDate"":""1996-10-22""}","{""email"":""ava.aquino.70@example.com"",""phone"":""09175000069""}","{""tin"":""869-469-169"",""sss"":""10-2000069-7""}","{""source"":""sample-pack""}"
PERSON-071,20070,"{""firstName"":""Isla"",""lastName"":""Cabrera"",""middleName"":""Santos"",""birthDate"":""1997-11-27""}","{""email"":""isla.cabrera.71@example.com"",""phone"":""09175000070""}","{""tin"":""870-470-170"",""sss"":""10-2000070-8""}","{""source"":""sample-pack""}"
PERSON-072,20071,"{""firstName"":""Leah"",""lastName"":""Fuentes"",""middleName"":""Reyes"",""birthDate"":""1998-12-05""}","{""email"":""leah.fuentes.72@example.com"",""phone"":""09175000071""}","{""tin"":""871-471-171"",""sss"":""10-2000071-9""}","{""source"":""sample-pack""}"
PERSON-073,20072,"{""firstName"":""Nico"",""lastName"":""Rosales"",""middleName"":""Cruz"",""birthDate"":""1981-01-10""}","{""email"":""nico.rosales.73@example.com"",""phone"":""09175000072""}","{""tin"":""872-472-172"",""sss"":""10-2000072-1""}","{""source"":""sample-pack""}"
PERSON-074,20073,"{""firstName"":""Marco"",""lastName"":""Delos Reyes"",""middleName"":""Garcia"",""birthDate"":""1982-02-15""}","{""email"":""marco.delos-reyes.74@example.com"",""phone"":""09175000073""}","{""tin"":""873-473-173"",""sss"":""10-2000073-2""}","{""source"":""sample-pack""}"
PERSON-075,20074,"{""firstName"":""Elena"",""lastName"":""Manalo"",""middleName"":""Lopez"",""birthDate"":""1983-03-20""}","{""email"":""elena.manalo.75@example.com"",""phone"":""09175000074""}","{""tin"":""874-474-174"",""sss"":""10-2000074-3""}","{""source"":""sample-pack""}"
PERSON-076,20075,"{""firstName"":""Hannah"",""lastName"":""De Leon"",""middleName"":""Torres"",""birthDate"":""1984-04-25""}","{""email"":""hannah.de-leon.76@example.com"",""phone"":""09175000075""}","{""tin"":""875-475-175"",""sss"":""10-2000075-4""}","{""source"":""sample-pack""}"
PERSON-077,20076,"{""firstName"":""Gabriel"",""lastName"":""Padilla"",""middleName"":""Flores"",""birthDate"":""1985-05-03""}","{""email"":""gabriel.padilla.77@example.com"",""phone"":""09175000076""}","{""tin"":""876-476-176"",""sss"":""10-2000076-5""}","{""source"":""sample-pack""}"
PERSON-078,20077,"{""firstName"":""Carla"",""lastName"":""Villareal"",""middleName"":""Ramos"",""birthDate"":""1986-06-08""}","{""email"":""carla.villareal.78@example.com"",""phone"":""09175000077""}","{""tin"":""877-477-177"",""sss"":""10-2000077-6""}","{""source"":""sample-pack""}"
PERSON-079,20078,"{""firstName"":""Rafael"",""lastName"":""Samonte"",""middleName"":""Diaz"",""birthDate"":""1987-07-13""}","{""email"":""rafael.samonte.79@example.com"",""phone"":""09175000078""}","{""tin"":""878-478-178"",""sss"":""10-2000078-7""}","{""source"":""sample-pack""}"
PERSON-080,20079,"{""firstName"":""Bianca"",""lastName"":""Yambao"",""middleName"":""Mendoza"",""birthDate"":""1988-08-18""}","{""email"":""bianca.yambao.80@example.com"",""phone"":""09175000079""}","{""tin"":""879-479-179"",""sss"":""10-2000079-8""}","{""source"":""sample-pack""}"
PERSON-081,20080,"{""firstName"":""Liam"",""lastName"":""Navarro"",""middleName"":""Santos"",""birthDate"":""1989-09-23""}","{""email"":""liam.navarro.81@example.com"",""phone"":""09175000080""}","{""tin"":""880-480-180"",""sss"":""10-2000080-9""}","{""source"":""sample-pack""}"
PERSON-082,20081,"{""firstName"":""Noah"",""lastName"":""Morales"",""middleName"":""Reyes"",""birthDate"":""1990-10-01""}","{""email"":""noah.morales.82@example.com"",""phone"":""09175000081""}","{""tin"":""881-481-181"",""sss"":""10-2000081-1""}","{""source"":""sample-pack""}"
PERSON-083,20082,"{""firstName"":""Ethan"",""lastName"":""Villanueva"",""middleName"":""Cruz"",""birthDate"":""1991-11-06""}","{""email"":""ethan.villanueva.83@example.com"",""phone"":""09175000082""}","{""tin"":""882-482-182"",""sss"":""10-2000082-2""}","{""source"":""sample-pack""}"
PERSON-084,20083,"{""firstName"":""Lucas"",""lastName"":""Pascual"",""middleName"":""Garcia"",""birthDate"":""1992-12-11""}","{""email"":""lucas.pascual.84@example.com"",""phone"":""09175000083""}","{""tin"":""883-483-183"",""sss"":""10-2000083-3""}","{""source"":""sample-pack""}"
PERSON-085,20084,"{""firstName"":""Aiden"",""lastName"":""Valdez"",""middleName"":""Lopez"",""birthDate"":""1993-01-16""}","{""email"":""aiden.valdez.85@example.com"",""phone"":""09175000084""}","{""tin"":""884-484-184"",""sss"":""10-2000084-4""}","{""source"":""sample-pack""}"
PERSON-086,20085,"{""firstName"":""Mia"",""lastName"":""Soriano"",""middleName"":""Torres"",""birthDate"":""1994-02-21""}","{""email"":""mia.soriano.86@example.com"",""phone"":""09175000085""}","{""tin"":""885-485-185"",""sss"":""10-2000085-5""}","{""source"":""sample-pack""}"
PERSON-087,20086,"{""firstName"":""Emma"",""lastName"":""Dominguez"",""middleName"":""Flores"",""birthDate"":""1995-03-26""}","{""email"":""emma.dominguez.87@example.com"",""phone"":""09175000086""}","{""tin"":""886-486-186"",""sss"":""10-2000086-6""}","{""source"":""sample-pack""}"
PERSON-088,20087,"{""firstName"":""Sophia"",""lastName"":""Mercado"",""middleName"":""Ramos"",""birthDate"":""1996-04-04""}","{""email"":""sophia.mercado.88@example.com"",""phone"":""09175000087""}","{""tin"":""887-487-187"",""sss"":""10-2000087-7""}","{""source"":""sample-pack""}"
PERSON-089,20088,"{""firstName"":""Olivia"",""lastName"":""Castillo"",""middleName"":""Diaz"",""birthDate"":""1997-05-09""}","{""email"":""olivia.castillo.89@example.com"",""phone"":""09175000088""}","{""tin"":""888-488-188"",""sss"":""10-2000088-8""}","{""source"":""sample-pack""}"
PERSON-090,20089,"{""firstName"":""Ava"",""lastName"":""Aquino"",""middleName"":""Mendoza"",""birthDate"":""1998-06-14""}","{""email"":""ava.aquino.90@example.com"",""phone"":""09175000089""}","{""tin"":""889-489-189"",""sss"":""10-2000089-9""}","{""source"":""sample-pack""}"
PERSON-091,20090,"{""firstName"":""Isla"",""lastName"":""Cabrera"",""middleName"":""Santos"",""birthDate"":""1981-07-19""}","{""email"":""isla.cabrera.91@example.com"",""phone"":""09175000090""}","{""tin"":""890-490-190"",""sss"":""10-2000090-1""}","{""source"":""sample-pack""}"
PERSON-092,20091,"{""firstName"":""Leah"",""lastName"":""Fuentes"",""middleName"":""Reyes"",""birthDate"":""1982-08-24""}","{""email"":""leah.fuentes.92@example.com"",""phone"":""09175000091""}","{""tin"":""891-491-191"",""sss"":""10-2000091-2""}","{""source"":""sample-pack""}"
PERSON-093,20092,"{""firstName"":""Nico"",""lastName"":""Rosales"",""middleName"":""Cruz"",""birthDate"":""1983-09-02""}","{""email"":""nico.rosales.93@example.com"",""phone"":""09175000092""}","{""tin"":""892-492-192"",""sss"":""10-2000092-3""}","{""source"":""sample-pack""}"
PERSON-094,20093,"{""firstName"":""Marco"",""lastName"":""Delos Reyes"",""middleName"":""Garcia"",""birthDate"":""1984-10-07""}","{""email"":""marco.delos-reyes.94@example.com"",""phone"":""09175000093""}","{""tin"":""893-493-193"",""sss"":""10-2000093-4""}","{""source"":""sample-pack""}"
PERSON-095,20094,"{""firstName"":""Elena"",""lastName"":""Manalo"",""middleName"":""Lopez"",""birthDate"":""1985-11-12""}","{""email"":""elena.manalo.95@example.com"",""phone"":""09175000094""}","{""tin"":""894-494-194"",""sss"":""10-2000094-5""}","{""source"":""sample-pack""}"
PERSON-096,20095,"{""firstName"":""Hannah"",""lastName"":""De Leon"",""middleName"":""Torres"",""birthDate"":""1986-12-17""}","{""email"":""hannah.de-leon.96@example.com"",""phone"":""09175000095""}","{""tin"":""895-495-195"",""sss"":""10-2000095-6""}","{""source"":""sample-pack""}"
PERSON-097,20096,"{""firstName"":""Gabriel"",""lastName"":""Padilla"",""middleName"":""Flores"",""birthDate"":""1987-01-22""}","{""email"":""gabriel.padilla.97@example.com"",""phone"":""09175000096""}","{""tin"":""896-496-196"",""sss"":""10-2000096-7""}","{""source"":""sample-pack""}"
PERSON-098,20097,"{""firstName"":""Carla"",""lastName"":""Villareal"",""middleName"":""Ramos"",""birthDate"":""1988-02-27""}","{""email"":""carla.villareal.98@example.com"",""phone"":""09175000097""}","{""tin"":""897-497-197"",""sss"":""10-2000097-8""}","{""source"":""sample-pack""}"
PERSON-099,20098,"{""firstName"":""Rafael"",""lastName"":""Samonte"",""middleName"":""Diaz"",""birthDate"":""1989-03-05""}","{""email"":""rafael.samonte.99@example.com"",""phone"":""09175000098""}","{""tin"":""898-498-198"",""sss"":""10-2000098-9""}","{""source"":""sample-pack""}"
PERSON-100,20099,"{""firstName"":""Bianca"",""lastName"":""Yambao"",""middleName"":""Mendoza"",""birthDate"":""1990-04-10""}","{""email"":""bianca.yambao.100@example.com"",""phone"":""09175000099""}","{""tin"":""899-499-199"",""sss"":""10-2000099-1""}","{""source"":""sample-pack""}"
